#{"t_start": 1743855794.0719025, "env_id": "ALE/Breakout-v5"}
r,l,t
18.0,505,4.773033
14.0,650,6.583059
12.0,461,7.801558
18.0,578,9.461882
17.0,599,11.165839
24.0,990,13.958705
19.0,682,15.821814
8.0,444,17.082762
8.0,400,18.290488
19.0,677,20.41079
